{
  "files": {
    "pkgs/server/.env": "027b804556fdb4aa5d3734a8b1d712b46fb80a56",
    "pkgs/server/README.md": "85fc1b5a39e7fa5511560e6c651a63fcc2039332",
    "pkgs/server/apollo.config.js": "b2a8dcbdbadd4a082687ed5e1ac27b132fd69ba0",
    "pkgs/server/jest.config.js": "64b392278b378598ce09b20063430c24e5e4f7f1",
    "pkgs/server/package.json": "059d1d367ff535add7c70f400ad4c45717865edf",
    "pkgs/server/prisma/modelTypeUtils.ts": "1aa8d6c4afcb52f2c13483d008ab2b17bd29f0b0",
    "pkgs/server/prisma/schema.prisma": "7998a86be2e7b928281876cb725a270f2544e30d",
    "pkgs/server/prisma/seed.ts": "2ea7610361f156ac42b41e91bb395029df294ea4",
    "pkgs/server/schema.gql": "a540607fadfcbacf897254a0a66807ad41afd726",
    "pkgs/server/src/auth.ts": "2423b017f2606bc061c0578b044eb5566534c066",
    "pkgs/server/src/context.ts": "ca67b1c88fcf9b370ea087802c8d3ac7d42c48db",
    "pkgs/server/src/index.ts": "23dc28732b90818a2b9226c71814e5d73190ba42",
    "pkgs/server/src/playground/index.ts": "764554d0f90b0ec09e5c4f33921c1628dcc67e76",
    "pkgs/server/src/schema/index.ts": "06861aae917ca59ccb16a8929624bd84409ac9fa",
    "pkgs/server/src/schema/mutation.ts": "ba2a8aee70e4b1b5ef1b1f4ab620e69564cfb68e",
    "pkgs/server/src/schema/query.ts": "26928893ae2f00031ffca04822ff7f6407d20e7d",
    "pkgs/server/src/schema/schema.ts": "23d3ff9e58bc05aa7a60d9bfb8375093876b6fa1",
    "pkgs/server/src/schema/selector.ts": "3d84c1a702761e885a971b7ecb83970d9bc332ed",
    "pkgs/server/src/schema/step.ts": "0a32a5dc938e76bdf17f72c4d3ef6bb9333644f3",
    "pkgs/server/src/schema/tag.ts": "271aa76fd4bf429be6da216245a3d6b0e1b5510d",
    "pkgs/server/src/schema/test.ts": "4ae84e4546d63f42b2ba2c02cd3e6edba7d47f67",
    "pkgs/server/src/schema/user.ts": "267682fe9b0bcf6d6779f67187f040179a6ad9ef",
    "pkgs/server/src/utils.ts": "4f4a126a669d2117fc2a9cd422cf8fa27c2211c0",
    "pkgs/server/tsconfig.json": "68fd88b5a14c01b9e84309434529f9b9ea4178ac",
    "pkgs/server/tsconfig.test.json": "3d5531de6989b7e96c9ce3f17a7f070f696e9625",
    "pkgs/server/.rush/temp/shrinkwrap-deps.json": "a8275d83178146eb8e6a1780e3b579916af135c4"
  },
  "arguments": "npm run generate && tsc "
}
