{
  "version": "0.1.9",
  "steps": [
    {
      "stepType": "CreateModel",
      "name": "User",
      "embedded": false
    },
    {
      "stepType": "CreateModel",
      "name": "Session",
      "embedded": false
    },
    {
      "stepType": "CreateModel",
      "name": "Step",
      "embedded": false
    },
    {
      "stepType": "CreateModel",
      "name": "Tag",
      "embedded": false
    },
    {
      "stepType": "CreateModel",
      "name": "Test",
      "embedded": false
    },
    {
      "stepType": "CreateField",
      "model": "User",
      "name": "id",
      "type": {
        "Base": "String"
      },
      "arity": "required",
      "isUnique": true,
      "id": {
        "strategy": "Auto",
        "sequence": null
      },
      "default": {
        "Expression": [
          "cuid",
          "String",
          []
        ]
      }
    },
    {
      "stepType": "CreateField",
      "model": "User",
      "name": "email",
      "type": {
        "Base": "String"
      },
      "arity": "required",
      "isUnique": true
    },
    {
      "stepType": "CreateField",
      "model": "User",
      "name": "password",
      "type": {
        "Base": "String"
      },
      "arity": "required",
      "isUnique": false
    },
    {
      "stepType": "CreateField",
      "model": "User",
      "name": "firstName",
      "type": {
        "Base": "String"
      },
      "arity": "required",
      "isUnique": false
    },
    {
      "stepType": "CreateField",
      "model": "User",
      "name": "lastName",
      "type": {
        "Base": "String"
      },
      "arity": "required",
      "isUnique": false
    },
    {
      "stepType": "CreateField",
      "model": "User",
      "name": "session",
      "type": {
        "Relation": {
          "to": "Session",
          "to_fields": [],
          "name": "SessionToUser",
          "on_delete": "None"
        }
      },
      "arity": "optional",
      "isUnique": false
    },
    {
      "stepType": "CreateField",
      "model": "User",
      "name": "step",
      "type": {
        "Relation": {
          "to": "Step",
          "to_fields": [],
          "name": "StepToUser",
          "on_delete": "None"
        }
      },
      "arity": "optional",
      "isUnique": false
    },
    {
      "stepType": "CreateField",
      "model": "User",
      "name": "tag",
      "type": {
        "Relation": {
          "to": "Tag",
          "to_fields": [],
          "name": "TagToUser",
          "on_delete": "None"
        }
      },
      "arity": "optional",
      "isUnique": false
    },
    {
      "stepType": "CreateField",
      "model": "User",
      "name": "test",
      "type": {
        "Relation": {
          "to": "Test",
          "to_fields": [],
          "name": "TestToUser",
          "on_delete": "None"
        }
      },
      "arity": "optional",
      "isUnique": false
    },
    {
      "stepType": "CreateField",
      "model": "Session",
      "name": "id",
      "type": {
        "Base": "String"
      },
      "arity": "required",
      "isUnique": true,
      "id": {
        "strategy": "Auto",
        "sequence": null
      },
      "default": {
        "Expression": [
          "cuid",
          "String",
          []
        ]
      }
    },
    {
      "stepType": "CreateField",
      "model": "Session",
      "name": "token",
      "type": {
        "Base": "String"
      },
      "arity": "required",
      "isUnique": false
    },
    {
      "stepType": "CreateField",
      "model": "Session",
      "name": "user",
      "type": {
        "Relation": {
          "to": "User",
          "to_fields": [
            "id"
          ],
          "name": "SessionToUser",
          "on_delete": "None"
        }
      },
      "arity": "required",
      "isUnique": false
    },
    {
      "stepType": "CreateField",
      "model": "Step",
      "name": "id",
      "type": {
        "Base": "String"
      },
      "arity": "required",
      "isUnique": true,
      "id": {
        "strategy": "Auto",
        "sequence": null
      },
      "default": {
        "Expression": [
          "cuid",
          "String",
          []
        ]
      }
    },
    {
      "stepType": "CreateField",
      "model": "Step",
      "name": "key",
      "type": {
        "Base": "String"
      },
      "arity": "required",
      "isUnique": false
    },
    {
      "stepType": "CreateField",
      "model": "Step",
      "name": "selector",
      "type": {
        "Base": "String"
      },
      "arity": "required",
      "isUnique": false
    },
    {
      "stepType": "CreateField",
      "model": "Step",
      "name": "value",
      "type": {
        "Base": "String"
      },
      "arity": "required",
      "isUnique": false
    },
    {
      "stepType": "CreateField",
      "model": "Step",
      "name": "user",
      "type": {
        "Relation": {
          "to": "User",
          "to_fields": [
            "id"
          ],
          "name": "StepToUser",
          "on_delete": "None"
        }
      },
      "arity": "required",
      "isUnique": false
    },
    {
      "stepType": "CreateField",
      "model": "Step",
      "name": "test",
      "type": {
        "Relation": {
          "to": "Test",
          "to_fields": [
            "id"
          ],
          "name": "StepToTest",
          "on_delete": "None"
        }
      },
      "arity": "optional",
      "isUnique": false
    },
    {
      "stepType": "CreateField",
      "model": "Tag",
      "name": "id",
      "type": {
        "Base": "String"
      },
      "arity": "required",
      "isUnique": true,
      "id": {
        "strategy": "Auto",
        "sequence": null
      },
      "default": {
        "Expression": [
          "cuid",
          "String",
          []
        ]
      }
    },
    {
      "stepType": "CreateField",
      "model": "Tag",
      "name": "name",
      "type": {
        "Base": "String"
      },
      "arity": "required",
      "isUnique": true
    },
    {
      "stepType": "CreateField",
      "model": "Tag",
      "name": "user",
      "type": {
        "Relation": {
          "to": "User",
          "to_fields": [
            "id"
          ],
          "name": "TagToUser",
          "on_delete": "None"
        }
      },
      "arity": "required",
      "isUnique": false
    },
    {
      "stepType": "CreateField",
      "model": "Tag",
      "name": "test",
      "type": {
        "Relation": {
          "to": "Test",
          "to_fields": [
            "id"
          ],
          "name": "TagToTest",
          "on_delete": "None"
        }
      },
      "arity": "optional",
      "isUnique": false
    },
    {
      "stepType": "CreateField",
      "model": "Test",
      "name": "id",
      "type": {
        "Base": "String"
      },
      "arity": "required",
      "isUnique": true,
      "id": {
        "strategy": "Auto",
        "sequence": null
      },
      "default": {
        "Expression": [
          "cuid",
          "String",
          []
        ]
      }
    },
    {
      "stepType": "CreateField",
      "model": "Test",
      "name": "user",
      "type": {
        "Relation": {
          "to": "User",
          "to_fields": [
            "id"
          ],
          "name": "TestToUser",
          "on_delete": "None"
        }
      },
      "arity": "required",
      "isUnique": false
    },
    {
      "stepType": "CreateField",
      "model": "Test",
      "name": "name",
      "type": {
        "Base": "String"
      },
      "arity": "required",
      "isUnique": false
    },
    {
      "stepType": "CreateField",
      "model": "Test",
      "name": "tags",
      "type": {
        "Relation": {
          "to": "Tag",
          "to_fields": [],
          "name": "TagToTest",
          "on_delete": "None"
        }
      },
      "arity": "list",
      "isUnique": false
    },
    {
      "stepType": "CreateField",
      "model": "Test",
      "name": "steps",
      "type": {
        "Relation": {
          "to": "Step",
          "to_fields": [],
          "name": "StepToTest",
          "on_delete": "None"
        }
      },
      "arity": "list",
      "isUnique": false
    }
  ]
}