{
  "DB_NAME": "main",
  "DB_USER": "root",
  "DB_PASSWORD": "WfJoXIC7YJ3k16lJCFyg",
  "DB_HOST": "redo-prod.cluster-cif8hvycf3mq.us-east-1.rds.amazonaws.com",
  "DB_PORT": 3306,
  "NODE_ENV": "production",
  "SECURITY_GROUP_ID": "sg-81298ef2",
  "SUBNET1_ID": "subnet-fdcc6899",
  "SUBNET2_ID": "subnet-ce570bc2",
  "SUBNET3_ID": "subnet-b335dff8",
  "SUBNET4_ID": "subnet-cf0633e3",
  "SUBNET5_ID": "subnet-0498623b",
  "SUBNET6_ID": "subnet-a73e10fd",
  "MYSQL_URL": "mysql://root:WfJoXIC7YJ3k16lJCFyg@redo-prod.cluster-cif8hvycf3mq.us-east-1.rds.amazonaws.com:3306/main"
}
